id,name,price,image,category,description,nutrients,calories,healthBenefits,tags
1,Red Apple,₹120/kg,https://upload.wikimedia.org/wikipedia/commons/1/15/Red_Apple.jpg,Fruit,Juicy red apples rich in antioxidants and natural sweetness.,Vitamin C;Fiber;Antioxidants,52 kcal per 100g,Supports heart health;boosts immunity;improves digestion.,Diabetic Friendly;Best for Snack
2,Banana,₹50/dozen,https://upload.wikimedia.org/wikipedia/commons/8/8a/Banana-Single.jpg,Fruit,Fresh bananas perfect for energy and digestion.,Potassium;Vitamin B6;Fiber,89 kcal per 100g,Regulates blood pressure;provides energy;supports digestion.,Energy Booster;Kid Friendly
3,Carrot,₹40/kg,https://images.unsplash.com/photo-1598170845058-32b9d6a5da37?w=600&auto=format&fit=crop&q=60&ixlib=rb-4.1.0&ixid=M3wxMjA3fDB8MHxzZWFyY2h8Mnx8Y2Fycm90fGVufDB8fDB8fHww,Vegetable,Crisp orange carrots packed with beta-carotene and fiber.,Beta-Carotene;Vitamin A;Fiber,41 kcal per 100g,Improves vision;supports skin health.,Best for Juice;Vision Booster
4,Broccoli,₹90/kg,https://upload.wikimedia.org/wikipedia/commons/0/03/Broccoli_and_cross_section_edit.jpg,Vegetable,Nutrient-rich green broccoli florets.,Vitamin C;Vitamin K;Folate,34 kcal per 100g,Detoxifies body;strengthens bones.,Detox;Bone Health
5,Strawberry,₹180/kg,https://upload.wikimedia.org/wikipedia/commons/2/29/PerfectStrawberry.jpg,Fruit,Sweet and juicy strawberries rich in antioxidants.,Vitamin C;Manganese;Fiber,33 kcal per 100g,Improves skin;reduces inflammation.,Skin Friendly;Antioxidant Rich
6,Spinach,₹30/bundle,https://upload.wikimedia.org/wikipedia/commons/0/08/Spinach_leaves.jpg,Vegetable,Leafy green spinach loaded with iron and vitamins.,Iron;Vitamin K;Magnesium,23 kcal per 100g,Boosts hemoglobin;strengthens immunity.,Iron Rich;Leafy Green
7,Orange,₹60/kg,https://upload.wikimedia.org/wikipedia/commons/c/c4/Orange-Fruit-Pieces.jpg,Fruit,Citrus fruit rich in Vitamin C and flavor.,Vitamin C;Calcium;Fiber,47 kcal per 100g,Boosts immunity;reduces fatigue.,Immunity Booster;Juicy
8,Grapes,₹100/kg,https://upload.wikimedia.org/wikipedia/commons/b/bb/Table_grapes_on_white.jpg,Fruit,Sweet grapes loaded with antioxidants.,Resveratrol;Vitamin C;Potassium,69 kcal per 100g,Improves heart health;fights aging.,Heart Healthy;Snack Friendly
9,Cucumber,₹25/each,https://upload.wikimedia.org/wikipedia/commons/9/96/Cucumis_sativus_-_Long_cucumber.jpg,Vegetable,Cool and refreshing cucumbers.,Water;Vitamin K;Potassium,16 kcal per 100g,Hydrates body;good for skin.,Hydrating;Salad Ready
10,Mango,₹150/kg,https://upload.wikimedia.org/wikipedia/commons/9/90/Hapus_Mango.jpg,Fruit,Delicious tropical mangoes.,Vitamin A;Vitamin C;Beta-Carotene,60 kcal per 100g,Improves eye health;boosts immunity.,Seasonal;Sweet Treat
11,Pineapple,₹80/kg,https://upload.wikimedia.org/wikipedia/commons/c/cb/Pineapple_and_cross_section.jpg,Fruit,Tangy and tropical pineapple.,Vitamin C;Bromelain;Manganese,50 kcal per 100g,Aids digestion;fights inflammation.,Digestive Aid;Tropical
12,Tomato,₹30/kg,https://upload.wikimedia.org/wikipedia/commons/8/88/Bright_red_tomato_and_cross_section02.jpg,Vegetable,Red and juicy tomatoes.,Lycopene;Vitamin C;Potassium,18 kcal per 100g,Good for skin;fights cancer.,Salad Favorite;Lycopene Rich
13,Cauliflower,₹35/kg,https://upload.wikimedia.org/wikipedia/commons/8/88/Cauliflower.JPG,Vegetable,White cruciferous veggie full of fiber.,Vitamin C;Choline;Fiber,25 kcal per 100g,Improves digestion;supports brain health.,Brain Food;Low Carb
14,Lettuce,₹25/bundle,https://upload.wikimedia.org/wikipedia/commons/a/a5/Iceberg_lettuce_in_SB.jpg,Vegetable,Crisp green lettuce.,Vitamin K;Folate;Iron,15 kcal per 100g,Promotes bone strength;good for weight loss.,Salad Base;Weight Friendly
15,Blueberries,₹200/250g,https://upload.wikimedia.org/wikipedia/commons/2/20/Blueberries.jpg,Fruit,Antioxidant-rich berries.,Vitamin C;Vitamin K;Antioxidants,57 kcal per 100g,Improves memory;reduces aging.,Brain Food;Antioxidant Rich
16,Potato,₹20/kg,https://upload.wikimedia.org/wikipedia/commons/6/6f/Potatoes.jpg,Vegetable,Starchy root vegetable.,Carbs;Vitamin C;Potassium,77 kcal per 100g,Provides energy;supports muscle function.,Staple Food;Versatile
17,Peas,₹60/kg,https://upload.wikimedia.org/wikipedia/commons/4/44/Green_peas_on_white.jpg,Vegetable,Fresh green peas.,Protein;Fiber;Vitamin K,81 kcal per 100g,Supports weight loss;builds muscle.,Protein Rich;Snackable
18,Pomegranate,₹120/kg,https://upload.wikimedia.org/wikipedia/commons/c/c6/Pomegranate_fruit_-_whole_and_section.jpg,Fruit,Juicy red pomegranate seeds.,Vitamin C;Potassium;Polyphenols,83 kcal per 100g,Boosts blood flow;improves skin.,Heart Healthy;Skin Booster
19,Watermelon,₹15/kg,https://upload.wikimedia.org/wikipedia/commons/e/e4/Watermelon_cross_BNC.jpg,Fruit,Refreshing summer fruit.,Water;Lycopene;Vitamin C,30 kcal per 100g,Hydrates body;reduces blood pressure.,Hydrating;Best for Summer
20,Beetroot,₹45/kg,https://upload.wikimedia.org/wikipedia/commons/5/5f/Beets-Bundle.jpg,Vegetable,Dark purple root veggie.,Iron;Nitrates;Folate,43 kcal per 100g,Improves blood flow;boosts stamina.,Blood Booster;Juicing
21,Onion,₹25/kg,https://upload.wikimedia.org/wikipedia/commons/1/1f/Onion_on_White.JPG,Vegetable,Essential for most Indian dishes.,Sulfur;Vitamin C;Flavonoids,40 kcal per 100g,Anti-inflammatory;boosts immunity.,Essential;Cooking Base
22,Lemon,₹5/each,https://upload.wikimedia.org/wikipedia/commons/6/6b/Lemon_-_whole_and_cut.jpg,Fruit,Citrus and sour.,Vitamin C;Citric Acid;Potassium,29 kcal per 100g,Improves skin;alkalizes body.,Detox;Vitamin C Rich
23,Chili,₹30/100g,https://upload.wikimedia.org/wikipedia/commons/f/fd/Chili_peppers.jpg,Vegetable,Spicy green and red chilies.,Capsaicin;Vitamin C;Antioxidants,40 kcal per 100g,Boosts metabolism;fights pain.,Spicy;Metabolism Booster
24,Avocado,₹250/each,https://upload.wikimedia.org/wikipedia/commons/c/c0/Avocado_with_cross_section_edit.jpg,Fruit,Creamy and healthy fat source.,Healthy Fats;Potassium;Fiber,160 kcal per 100g,Heart healthy;reduces cholesterol.,Keto Friendly;Superfood
25,Bitter Gourd,₹35/kg,https://upload.wikimedia.org/wikipedia/commons/0/0c/Bitter_melon_3.jpg,Vegetable,Bitter but medicinal.,Iron;Vitamin C;Momordicin,17 kcal per 100g,Lowers blood sugar;detoxifies.,Diabetic Friendly;Medicinal
26,Guava,₹40/kg,https://upload.wikimedia.org/wikipedia/commons/e/e3/Guava_ID.jpg,Fruit,Sweet and crunchy guava.,Vitamin C;Fiber;Lycopene,68 kcal per 100g,Boosts digestion;immunity.,High Fiber;Snack Fruit
27,Brinjal,₹30/kg,https://upload.wikimedia.org/wikipedia/commons/2/2b/Eggplant.jpg,Vegetable,Also called eggplant.,Fiber;Vitamin B1;Antioxidants,25 kcal per 100g,Good for heart;anti-cancer.,Low Calorie;Fiber Rich
28,Radish,₹20/bundle,https://upload.wikimedia.org/wikipedia/commons/8/8f/White_radish.jpg,Vegetable,Crisp and spicy root.,Fiber;Vitamin C;Folate,16 kcal per 100g,Aids digestion;clears toxins.,Digestive Aid;Winter Veg
29,Sweet Corn,₹60/kg,https://upload.wikimedia.org/wikipedia/commons/1/17/Corncobs.jpg,Vegetable,Juicy and sweet.,Carbs;Fiber;Vitamin B3,86 kcal per 100g,Boosts energy;supports eyes.,Snack;Sweet
30,Jackfruit,₹80/kg,https://upload.wikimedia.org/wikipedia/commons/5/5c/Jackfruit_hanging.JPG,Fruit,Large and fibrous.,Vitamin C;Fiber;Potassium,95 kcal per 100g,Boosts immunity;meat substitute.,Vegan Protein;Tropical
31,Capsicum,₹50/kg,https://upload.wikimedia.org/wikipedia/commons/6/69/Bell_pepper.jpg,Vegetable,Colorful bell peppers rich in vitamins.,Vitamin C;Vitamin A;Antioxidants,20 kcal per 100g,Improves eye health;boosts immunity.,Colorful;Salad Veg
32,Apple Gourd,₹35/kg,https://upload.wikimedia.org/wikipedia/commons/2/2e/Apple_gourd.jpg,Vegetable,Round and tender gourd.,Vitamin C;Fiber;Potassium,18 kcal per 100g,Good for digestion;lowers cholesterol.,Summer Veg;Digestive
33,Black Grapes,₹120/kg,https://upload.wikimedia.org/wikipedia/commons/7/7b/Black_grapes.jpg,Fruit,Sweet and juicy black grapes.,Resveratrol;Vitamin C;Potassium,70 kcal per 100g,Improves heart health;antioxidant rich.,Antioxidant;Snack Fruit
34,Green Beans,₹40/kg,https://upload.wikimedia.org/wikipedia/commons/6/6f/Green_Beans.jpg,Vegetable,Fresh and crunchy beans.,Fiber;Vitamin K;Folate,31 kcal per 100g,Supports bone health;improves digestion.,Low Calorie;Fiber Rich
35,Peach,₹150/kg,https://upload.wikimedia.org/wikipedia/commons/9/9f/Peach_and_cross_section.jpg,Fruit,Soft and sweet summer fruit.,Vitamin C;Vitamin A;Fiber,39 kcal per 100g,Improves skin;boosts immunity.,Summer Fruit;Skin Friendly
36,Garlic,₹80/kg,https://upload.wikimedia.org/wikipedia/commons/4/4c/Garlic.jpg,Vegetable,Strong-flavored bulb used in cooking.,Allicin;Vitamin B6;Manganese,149 kcal per 100g,Boosts immunity;reduces blood pressure.,Medicinal;Flavoring
37,Plum,₹180/kg,https://upload.wikimedia.org/wikipedia/commons/8/8e/Plum_Fruit.jpg,Fruit,Juicy and tart purple fruit.,Vitamin C;Vitamin K;Fiber,46 kcal per 100g,Improves digestion;antioxidant rich.,Antioxidant;Snack Fruit
38,Turnip,₹25/kg,https://upload.wikimedia.org/wikipedia/commons/2/2d/Turnip.jpg,Vegetable,White root vegetable.,Vitamin C;Fiber;Potassium,28 kcal per 100g,Supports heart health;boosts immunity.,Winter Veg;Root Veg
39,Cherry,₹250/250g,https://upload.wikimedia.org/wikipedia/commons/b/bb/Cherry_Stella444.jpg,Fruit,Small and sweet red cherries.,Vitamin C;Potassium;Antioxidants,50 kcal per 100g,Reduces inflammation;improves sleep.,Antioxidant;Dessert Fruit
40,Drumstick,₹60/kg,https://upload.wikimedia.org/wikipedia/commons/6/6e/Drumstick_vegetable.jpg,Vegetable,Long green pods used in curries.,Vitamin C;Calcium;Iron,37 kcal per 100g,Strengthens bones;boosts immunity.,South Indian;Bone Health
41,Apricot,₹200/kg,https://upload.wikimedia.org/wikipedia/commons/9/9b/Apricot_and_cross_section.jpg,Fruit,Sweet and tangy orange fruit.,Vitamin A;Vitamin C;Potassium,48 kcal per 100g,Improves skin;supports eye health.,Summer Fruit;Skin Friendly
42,Asparagus,₹180/bundle,https://upload.wikimedia.org/wikipedia/commons/0/0f/Asparagus-Bundle.jpg,Vegetable,Green stalks rich in nutrients.,Folate;Vitamin K;Fiber,20 kcal per 100g,Supports digestion;good for pregnancy.,Spring Veg;Fiber Rich
43,Bok Choy,₹60/bundle,https://upload.wikimedia.org/wikipedia/commons/6/6f/Bok_choy.jpg,Vegetable,Chinese cabbage with crisp stalks.,Vitamin C;Vitamin K;Calcium,13 kcal per 100g,Strengthens bones;boosts immunity.,Asian Veg;Leafy Green
44,Blackberry,₹250/250g,https://upload.wikimedia.org/wikipedia/commons/6/6b/Blackberries.jpg,Fruit,Juicy and tart blackberries.,Vitamin C;Fiber;Antioxidants,43 kcal per 100g,Improves brain health;antioxidant rich.,Berry;Brain Food
45,Bottle Gourd,₹30/kg,https://upload.wikimedia.org/wikipedia/commons/2/2e/Bottle_gourd.jpg,Vegetable,Light green gourd used in curries.,Vitamin C;Calcium;Fiber,14 kcal per 100g,Good for heart;supports weight loss.,Summer Veg;Low Calorie
46,Brown Mushroom,₹120/200g,https://upload.wikimedia.org/wikipedia/commons/6/6b/Cremini_mushrooms.jpg,Vegetable,Earthy and meaty mushrooms.,Vitamin D;Selenium;Fiber,22 kcal per 100g,Boosts immunity;supports metabolism.,Mushroom;Protein Source
47,Cabbage,₹25/kg,https://upload.wikimedia.org/wikipedia/commons/2/2e/Cabbage_and_cross_section.jpg,Vegetable,Leafy green or purple cabbage.,Vitamin C;Vitamin K;Fiber,25 kcal per 100g,Improves digestion;supports heart health.,Salad Base;Digestive
48,Cantaloupe,₹60/kg,https://upload.wikimedia.org/wikipedia/commons/3/36/Cantaloupe_and_cross_section.jpg,Fruit,Sweet and juicy melon.,Vitamin A;Vitamin C;Potassium,34 kcal per 100g,Hydrates body;good for skin.,Summer Fruit;Hydrating
49,Chikoo,₹80/kg,https://upload.wikimedia.org/wikipedia/commons/2/2e/Chikoo.jpg,Fruit,Sweet brown tropical fruit.,Vitamin A;Vitamin C;Fiber,83 kcal per 100g,Boosts energy;improves digestion.,Tropical;Energy Booster
50,Cluster Beans,₹40/kg,https://upload.wikimedia.org/wikipedia/commons/2/2e/Cluster_beans.jpg,Vegetable,Green beans used in Indian cuisine.,Fiber;Protein;Iron,16 kcal per 100g,Controls blood sugar;good for heart.,Indian Veg;Fiber Rich
51,Cranberry,₹300/250g,https://upload.wikimedia.org/wikipedia/commons/4/4b/Cranberries.jpg,Fruit,Tart red berries.,Vitamin C;Antioxidants;Fiber,46 kcal per 100g,Prevents UTI;boosts immunity.,Berry;Antioxidant
52,Custard Apple,₹120/kg,https://upload.wikimedia.org/wikipedia/commons/6/6b/Custard_apple.jpg,Fruit,Sweet and creamy tropical fruit.,Vitamin C;Magnesium;Potassium,94 kcal per 100g,Boosts immunity;improves vision.,Tropical;Dessert Fruit
53,Dates,₹400/kg,https://upload.wikimedia.org/wikipedia/commons/3/36/Dates_on_date_palm.jpg,Fruit,Sweet and chewy dried fruit.,Iron;Potassium;Fiber,282 kcal per 100g,Boosts energy;improves digestion.,Dry Fruit;Energy Booster
54,Dragon Fruit,₹250/each,https://upload.wikimedia.org/wikipedia/commons/0/0c/Pitaya_cross_section_ed2.jpg,Fruit,Exotic pink fruit with white flesh.,Vitamin C;Iron;Magnesium,60 kcal per 100g,Boosts immunity;improves gut health.,Exotic;Antioxidant
55,Eggplant,₹35/kg,https://upload.wikimedia.org/wikipedia/commons/2/2b/Eggplant.jpg,Vegetable,Also called brinjal or aubergine.,Fiber;Vitamin B1;Antioxidants,25 kcal per 100g,Good for heart;anti-cancer.,Low Calorie;Fiber Rich
56,Elderberry,₹350/250g,https://upload.wikimedia.org/wikipedia/commons/7/7c/Elderberries.jpg,Fruit,Small dark purple berries.,Vitamin C;Antioxidants;Fiber,73 kcal per 100g,Boosts immunity;fights cold.,Berry;Immunity Booster
57,Fennel,₹60/kg,https://upload.wikimedia.org/wikipedia/commons/5/5e/Fennel_and_cross_section.jpg,Vegetable,Crunchy bulb with licorice flavor.,Vitamin C;Fiber;Potassium,31 kcal per 100g,Improves digestion;freshens breath.,Digestive;Salad Veg
58,Fig,₹300/250g,https://upload.wikimedia.org/wikipedia/commons/1/1c/Figs_on_tree.jpg,Fruit,Sweet and chewy fruit with seeds.,Calcium;Potassium;Fiber,74 kcal per 100g,Supports bone health;improves digestion.,Dry Fruit;Bone Health
59,Gooseberry,₹80/kg,https://upload.wikimedia.org/wikipedia/commons/6/6e/Indian_gooseberry.jpg,Fruit,Tart green berry also called amla.,Vitamin C;Fiber;Antioxidants,44 kcal per 100g,Boosts immunity;improves hair health.,Immunity Booster;Hair Care
60,Gourd,₹30/kg,https://upload.wikimedia.org/wikipedia/commons/2/2e/Bottle_gourd.jpg,Vegetable,Various edible gourds.,Vitamin C;Calcium;Fiber,14 kcal per 100g,Good for heart;supports weight loss.,Summer Veg;Low Calorie
61,Grapefruit,₹90/kg,https://upload.wikimedia.org/wikipedia/commons/7/7b/Grapefruit_and_cross_section.jpg,Fruit,Tart and tangy citrus fruit.,Vitamin C;Vitamin A;Fiber,42 kcal per 100g,Boosts metabolism;supports weight loss.,Citrus;Weight Loss
62,Green Apple,₹140/kg,https://upload.wikimedia.org/wikipedia/commons/1/15/Green_Apple.jpg,Fruit,Tart and crisp green apples.,Vitamin C;Fiber;Potassium,52 kcal per 100g,Supports heart health;improves digestion.,Snack Fruit;Heart Healthy
63,Green Chilli,₹30/100g,https://upload.wikimedia.org/wikipedia/commons/6/6b/Green_Chilli.jpg,Vegetable,Spicy green chili peppers.,Capsaicin;Vitamin C;Antioxidants,40 kcal per 100g,Boosts metabolism;fights pain.,Spicy;Metabolism Booster
64,Green Peppers,₹50/kg,https://upload.wikimedia.org/wikipedia/commons/6/69/Bell_pepper.jpg,Vegetable,Mild and crunchy bell peppers.,Vitamin C;Vitamin A;Antioxidants,20 kcal per 100g,Improves eye health;boosts immunity.,Colorful;Salad Veg
65,Guar,₹35/kg,https://upload.wikimedia.org/wikipedia/commons/2/2e/Cluster_beans.jpg,Vegetable,Cluster beans used in Indian dishes.,Fiber;Protein;Iron,16 kcal per 100g,Controls blood sugar;good for heart.,Indian Veg;Fiber Rich
66,Honeydew Melon,₹70/kg,https://upload.wikimedia.org/wikipedia/commons/3/36/Honeydew_and_cross_section.jpg,Fruit,Sweet and juicy green melon.,Vitamin C;Potassium;Fiber,36 kcal per 100g,Hydrates body;good for skin.,Summer Fruit;Hydrating
67,Jalapeno,₹60/100g,https://upload.wikimedia.org/wikipedia/commons/6/6b/Jalapeno.jpg,Vegetable,Medium spicy green chili.,Capsaicin;Vitamin C;Antioxidants,29 kcal per 100g,Boosts metabolism;fights pain.,Spicy;Mexican
68,Jujube,₹120/kg,https://upload.wikimedia.org/wikipedia/commons/6/6e/Jujube_fruit.jpg,Fruit,Sweet and chewy red fruit.,Vitamin C;Potassium;Fiber,79 kcal per 100g,Improves sleep;boosts immunity.,Sleep Aid;Snack Fruit
69,Kale,₹100/bundle,https://upload.wikimedia.org/wikipedia/commons/6/6f/Kale_leaves.jpg,Vegetable,Leafy green superfood.,Vitamin K;Vitamin C;Calcium,49 kcal per 100g,Supports bone health;antioxidant rich.,Superfood;Leafy Green
70,Kiwi,₹200/kg,https://upload.wikimedia.org/wikipedia/commons/d/d3/Kiwi_aka.jpg,Fruit,Tart and sweet green fruit.,Vitamin C;Vitamin K;Fiber,41 kcal per 100g,Boosts immunity;improves digestion.,Exotic;Vitamin C Rich
71,Kohlrabi,₹40/kg,https://upload.wikimedia.org/wikipedia/commons/6/6e/Kohlrabi.jpg,Vegetable,Crunchy bulbous stem.,Vitamin C;Potassium;Fiber,27 kcal per 100g,Improves digestion;supports heart health.,Winter Veg;Fiber Rich
72,Leek,₹60/bundle,https://upload.wikimedia.org/wikipedia/commons/6/6e/Leek.jpg,Vegetable,Mild onion-like vegetable.,Vitamin K;Vitamin C;Folate,61 kcal per 100g,Supports heart health;improves digestion.,Soup Veg;Winter Veg
73,Lime,₹6/each,https://upload.wikimedia.org/wikipedia/commons/6/6b/Lime.jpg,Fruit,Small green citrus fruit.,Vitamin C;Citric Acid;Potassium,30 kcal per 100g,Boosts immunity;improves skin.,Citrus;Vitamin C Rich
74,Loganberry,₹350/250g,https://upload.wikimedia.org/wikipedia/commons/6/6b/Loganberries.jpg,Fruit,Hybrid berry similar to raspberry.,Vitamin C;Fiber;Antioxidants,50 kcal per 100g,Improves brain health;antioxidant rich.,Berry;Hybrid
75,Lotus Root,₹80/kg,https://upload.wikimedia.org/wikipedia/commons/6/6e/Lotus_root.jpg,Vegetable,Crunchy root used in Asian cuisine.,Vitamin C;Fiber;Potassium,74 kcal per 100g,Improves digestion;supports heart health.,Asian Veg;Root Veg
76,Lychee,₹180/kg,https://upload.wikimedia.org/wikipedia/commons/6/6e/Lychee_fruit.jpg,Fruit,Sweet and juicy tropical fruit.,Vitamin C;Copper;Potassium,66 kcal per 100g,Boosts immunity;improves skin.,Tropical;Summer Fruit
77,Mulberry,₹200/250g,https://upload.wikimedia.org/wikipedia/commons/6/6b/Mulberries.jpg,Fruit,Sweet and tart purple berries.,Vitamin C;Iron;Fiber,43 kcal per 100g,Improves blood health;antioxidant rich.,Berry;Antioxidant
78,Mushroom,₹100/200g,https://upload.wikimedia.org/wikipedia/commons/6/6b/Button_mushrooms.jpg,Vegetable,White button mushrooms.,Vitamin D;Selenium;Fiber,22 kcal per 100g,Boosts immunity;supports metabolism.,Mushroom;Protein Source
79,Nectarine,₹160/kg,https://upload.wikimedia.org/wikipedia/commons/6/6e/Nectarine.jpg,Fruit,Juicy and sweet stone fruit.,Vitamin C;Vitamin A;Fiber,44 kcal per 100g,Improves skin;boosts immunity.,Summer Fruit;Skin Friendly
80,Okra,₹40/kg,https://upload.wikimedia.org/wikipedia/commons/6/6e/Okra.jpg,Vegetable,Green pods also called ladyfinger.,Vitamin C;Folate;Fiber,33 kcal per 100g,Supports digestion;good for pregnancy.,Indian Veg;Fiber Rich
81,Olives,₹300/500g,https://upload.wikimedia.org/wikipedia/commons/6/6e/Olives.jpg,Fruit,Salty and tangy Mediterranean fruit.,Vitamin E;Iron;Fiber,115 kcal per 100g,Good for heart;antioxidant rich.,Mediterranean;Healthy Fat
82,Parsley,₹20/bundle,https://upload.wikimedia.org/wikipedia/commons/6/6e/Parsley.jpg,Vegetable,Herb used for garnish and flavor.,Vitamin K;Vitamin C;Folate,36 kcal per 100g,Supports bone health;freshens breath.,Herb;Garnish
83,Passion Fruit,₹250/each,https://upload.wikimedia.org/wikipedia/commons/6/6e/Passion_fruit.jpg,Fruit,Exotic fruit with tangy pulp.,Vitamin C;Fiber;Iron,97 kcal per 100g,Boosts immunity;improves digestion.,Exotic;Antioxidant
84,Peach,₹150/kg,https://upload.wikimedia.org/wikipedia/commons/9/9f/Peach_and_cross_section.jpg,Fruit,Soft and sweet summer fruit.,Vitamin C;Vitamin A;Fiber,39 kcal per 100g,Improves skin;boosts immunity.,Summer Fruit;Skin Friendly
85,Pear,₹120/kg,https://upload.wikimedia.org/wikipedia/commons/6/6e/Pear.jpg,Fruit,Juicy and sweet green fruit.,Vitamin C;Fiber;Potassium,57 kcal per 100g,Improves digestion;supports heart health.,Snack Fruit;Fiber Rich
86,Persimmon,₹200/kg,https://upload.wikimedia.org/wikipedia/commons/6/6e/Persimmon.jpg,Fruit,Orange fruit with honey-like flavor.,Vitamin A;Vitamin C;Fiber,70 kcal per 100g,Boosts immunity;improves vision.,Exotic;Vitamin A Rich
87,Pineberry,₹350/250g,https://upload.wikimedia.org/wikipedia/commons/6/6e/Pineberry.jpg,Fruit,White strawberry with pineapple flavor.,Vitamin C;Fiber;Antioxidants,50 kcal per 100g,Improves skin;antioxidant rich.,Berry;Exotic
88,Plantain,₹60/kg,https://upload.wikimedia.org/wikipedia/commons/6/6e/Plantain.jpg,Vegetable,Starchy banana-like fruit.,Potassium;Vitamin C;Fiber,122 kcal per 100g,Provides energy;supports digestion.,Tropical;Energy Booster
89,Prune,₹300/250g,https://upload.wikimedia.org/wikipedia/commons/6/6e/Prunes.jpg,Fruit,Dried plum rich in fiber.,Fiber;Potassium;Vitamin K,240 kcal per 100g,Improves digestion;supports bone health.,Dry Fruit;Digestive
90,Pumpkin,₹30/kg,https://upload.wikimedia.org/wikipedia/commons/6/6e/Pumpkin.jpg,Vegetable,Large orange squash.,Vitamin A;Vitamin C;Fiber,26 kcal per 100g,Boosts immunity;good for eyes.,Winter Veg;Vitamin A Rich
91,Raspberry,₹220/250g,https://upload.wikimedia.org/wikipedia/commons/5/58/Raspberry_pi.jpg,Fruit,Delicate and sweet red berries.,Vitamin C;Fiber;Antioxidants,52 kcal per 100g,Boosts immunity;improves skin.,Berry;Antioxidant
92,Artichoke,₹120/each,https://upload.wikimedia.org/wikipedia/commons/7/7b/Artichoke_J1.jpg,Vegetable,Edible flower bud with a nutty flavor.,Fiber;Vitamin C;Folate,47 kcal per 100g,Supports liver health;improves digestion.,Mediterranean;Fiber Rich
93,Endive,₹90/bundle,https://upload.wikimedia.org/wikipedia/commons/2/2b/Endive.jpg,Vegetable,Leafy green with a slightly bitter taste.,Vitamin K;Folate;Fiber,17 kcal per 100g,Supports bone health;good for salads.,Leafy Green;Salad
94,Starfruit,₹80/each,https://upload.wikimedia.org/wikipedia/commons/2/2e/Carambola_Starfruit.jpg,Fruit,Yellow tropical fruit shaped like a star.,Vitamin C;Potassium;Fiber,31 kcal per 100g,Boosts immunity;improves digestion.,Exotic;Tropical
95,Red Cabbage,₹40/kg,https://upload.wikimedia.org/wikipedia/commons/6/6f/Red_cabbage_and_cross_section.jpg,Vegetable,Crunchy purple cabbage.,Vitamin C;Vitamin K;Fiber,31 kcal per 100g,Improves digestion;antioxidant rich.,Salad;Antioxidant
96,Watercress,₹60/bundle,https://upload.wikimedia.org/wikipedia/commons/2/2d/Watercress.jpg,Vegetable,Leafy green with a peppery flavor.,Vitamin K;Vitamin C;Calcium,11 kcal per 100g,Supports bone health;antioxidant rich.,Leafy Green;Salad
97,White Mushroom,₹90/200g,https://upload.wikimedia.org/wikipedia/commons/6/6b/Button_mushrooms.jpg,Vegetable,Common edible mushroom.,Vitamin D;Selenium;Fiber,22 kcal per 100g,Boosts immunity;supports metabolism.,Mushroom;Protein Source
98,Red Currant,₹250/250g,https://upload.wikimedia.org/wikipedia/commons/6/6b/Redcurrant_on_bush.jpg,Fruit,Tart and juicy red berries.,Vitamin C;Antioxidants;Fiber,56 kcal per 100g,Improves blood health;antioxidant rich.,Berry;Antioxidant
99,Swiss Chard,₹70/bundle,https://upload.wikimedia.org/wikipedia/commons/6/6e/Swiss_chard.jpg,Vegetable,Leafy green with colorful stems.,Vitamin K;Vitamin A;Magnesium,19 kcal per 100g,Supports bone health;improves vision.,Leafy Green;Superfood
100,Blueberry,₹220/250g,https://images.unsplash.com/photo-1502741338009-cac2772e18bc?auto=format&fit=crop&w=400&q=80,Fruit,Small blue berries rich in antioxidants.,Vitamin C;Vitamin K;Antioxidants,57 kcal per 100g,Improves memory;reduces aging.,Berry;Brain Food
101,Blackberry,₹250/250g,https://images.unsplash.com/photo-1504674900247-0877df9cc836?auto=format&fit=crop&w=400&q=80,Fruit,Juicy and tart blackberries.,Vitamin C;Fiber;Antioxidants,43 kcal per 100g,Improves brain health;antioxidant rich.,Berry;Brain Food
102,Red Bell Pepper,₹60/kg,https://images.unsplash.com/photo-1502741338009-cac2772e18bc?auto=format&fit=crop&w=400&q=80,Vegetable,Sweet and crunchy red bell peppers.,Vitamin C;Vitamin A;Antioxidants,31 kcal per 100g,Boosts immunity;improves vision.,Colorful;Salad Veg
103,Yellow Squash,₹45/kg,https://images.unsplash.com/photo-1465101046530-73398c7f28ca?auto=format&fit=crop&w=400&q=80,Vegetable,Soft and mild yellow squash.,Vitamin C;Manganese;Fiber,16 kcal per 100g,Supports digestion;low calorie.,Summer Veg;Low Calorie
104,Cherry Tomato,₹80/kg,https://images.unsplash.com/photo-1502741338009-cac2772e18bc?auto=format&fit=crop&w=400&q=80,Vegetable,Small and sweet cherry tomatoes.,Lycopene;Vitamin C;Potassium,18 kcal per 100g,Good for skin;antioxidant rich.,Salad;Juicy
105,Green Zucchini,₹50/kg,https://images.unsplash.com/photo-1465101178521-c1a9136a3b43?auto=format&fit=crop&w=400&q=80,Vegetable,Fresh and tender green zucchini.,Vitamin C;Potassium;Fiber,17 kcal per 100g,Supports digestion;low calorie.,Summer Veg;Fiber Rich
106,Red Onion,₹30/kg,https://images.unsplash.com/photo-1504674900247-0877df9cc836?auto=format&fit=crop&w=400&q=80,Vegetable,Sharp and flavorful red onions.,Vitamin C;Flavonoids;Fiber,40 kcal per 100g,Boosts immunity;anti-inflammatory.,Essential;Cooking Base
107,Green Grapes,₹120/kg,https://images.unsplash.com/photo-1465101178521-c1a9136a3b43?auto=format&fit=crop&w=400&q=80,Fruit,Sweet and juicy green grapes.,Vitamin C;Vitamin K;Potassium,69 kcal per 100g,Improves heart health;antioxidant rich.,Snack Fruit;Heart Healthy
108,White Radish,₹25/bundle,https://images.unsplash.com/photo-1465101046530-73398c7f28ca?auto=format&fit=crop&w=400&q=80,Vegetable,Crisp and spicy white radish.,Vitamin C;Folate;Fiber,16 kcal per 100g,Supports digestion;clears toxins.,Winter Veg;Digestive
109,Plum Tomato,₹60/kg,https://images.unsplash.com/photo-1504674900247-0877df9cc836?auto=format&fit=crop&w=400&q=80,Vegetable,Juicy and tangy plum tomatoes.,Lycopene;Vitamin C;Potassium,19 kcal per 100g,Good for skin;antioxidant rich.,Salad;Cooking
110,Golden Apple,₹180/kg,https://images.unsplash.com/photo-1465101178521-c1a9136a3b43?auto=format&fit=crop&w=400&q=80,Fruit,Sweet and crisp golden apples.,Vitamin C;Fiber;Potassium,52 kcal per 100g,Supports heart health;improves digestion.,Snack Fruit;Golden
111,Green Papaya,₹40/kg,https://images.unsplash.com/photo-1519864600265-abb23847ef2c?auto=format&fit=crop&w=400&q=80,Vegetable,Raw papaya used in salads and curries.,Vitamin C;Enzymes;Fiber,32 kcal per 100g,Improves digestion;supports immunity.,Raw;Salad Veg
112,Red Spinach,₹35/bundle,https://images.unsplash.com/photo-1504674900247-0877df9cc836?auto=format&fit=crop&w=400&q=80,Vegetable,Leafy green with red stems.,Iron;Vitamin K;Antioxidants,23 kcal per 100g,Boosts hemoglobin;antioxidant rich.,Leafy Green;Iron Rich
113,White Pumpkin,₹25/kg,https://images.unsplash.com/photo-1465101046530-73398c7f28ca?auto=format&fit=crop&w=400&q=80,Vegetable,Large white squash.,Vitamin A;Vitamin C;Fiber,26 kcal per 100g,Boosts immunity;good for eyes.,Winter Veg;Vitamin A Rich
114,Black Carrot,₹60/kg,https://images.unsplash.com/photo-1465101178521-c1a9136a3b43?auto=format&fit=crop&w=400&q=80,Vegetable,Dark purple carrot variety.,Beta-Carotene;Vitamin A;Fiber,41 kcal per 100g,Improves vision;antioxidant rich.,Winter Veg;Antioxidant
115,Yellow Watermelon,₹20/kg,https://images.unsplash.com/photo-1502741338009-cac2772e18bc?auto=format&fit=crop&w=400&q=80,Fruit,Sweet yellow-fleshed watermelon.,Vitamin C;Water;Lycopene,30 kcal per 100g,Hydrates body;good for skin.,Hydrating;Summer Fruit
116,Red Banana,₹80/dozen,https://images.unsplash.com/photo-1465101046530-73398c7f28ca?auto=format&fit=crop&w=400&q=80,Fruit,Sweet and creamy red bananas.,Potassium;Vitamin B6;Fiber,89 kcal per 100g,Regulates blood pressure;energy booster.,Exotic;Energy
117,Iceberg Lettuce,₹30/bundle,https://images.unsplash.com/photo-1465101178521-c1a9136a3b43?auto=format&fit=crop&w=400&q=80,Vegetable,Crisp and watery lettuce.,Vitamin K;Folate;Iron,15 kcal per 100g,Promotes bone strength;weight friendly.,Salad Base;Low Calorie
118,Mini Cucumber,₹40/250g,https://images.unsplash.com/photo-1502741338009-cac2772e18bc?auto=format&fit=crop&w=400&q=80,Vegetable,Small and crunchy cucumbers.,Water;Vitamin K;Potassium,16 kcal per 100g,Hydrates body;good for skin.,Snack Veg;Hydrating
119,Golden Beetroot,₹60/kg,https://images.unsplash.com/photo-1465101046530-73398c7f28ca?auto=format&fit=crop&w=400&q=80,Vegetable,Yellow beetroot with sweet flavor.,Folate;Potassium;Fiber,43 kcal per 100g,Improves blood flow;boosts stamina.,Root Veg;Antioxidant
120,Red Pear,₹140/kg,https://images.unsplash.com/photo-1465101178521-c1a9136a3b43?auto=format&fit=crop&w=400&q=80,Fruit,Juicy and sweet red pears.,Vitamin C;Fiber;Potassium,57 kcal per 100g,Improves digestion;supports heart health.,Snack Fruit;Fiber Rich
121,Green Mango,₹60/kg,https://images.unsplash.com/photo-1502741338009-cac2772e18bc?auto=format&fit=crop&w=400&q=80,Fruit,Raw mango used for pickles and salads.,Vitamin C;Fiber;Antioxidants,60 kcal per 100g,Boosts immunity;improves digestion.,Tangy;Summer Fruit
122,Red Pumpkin,₹35/kg,https://images.unsplash.com/photo-1465101046530-73398c7f28ca?auto=format&fit=crop&w=400&q=80,Vegetable,Orange-red pumpkin variety.,Vitamin A;Vitamin C;Fiber,26 kcal per 100g,Boosts immunity;good for eyes.,Winter Veg;Vitamin A Rich
123,Yellow Dragon Fruit,₹300/each,https://images.unsplash.com/photo-1465101178521-c1a9136a3b43?auto=format&fit=crop&w=400&q=80,Fruit,Exotic yellow-skinned dragon fruit.,Vitamin C;Iron;Magnesium,60 kcal per 100g,Boosts immunity;improves gut health.,Exotic;Antioxidant
124,White Guava,₹50/kg,https://images.unsplash.com/photo-1502741338009-cac2772e18bc?auto=format&fit=crop&w=400&q=80,Fruit,Sweet and crunchy white guava.,Vitamin C;Fiber;Lycopene,68 kcal per 100g,Boosts digestion;immunity.,High Fiber;Snack Fruit
125,Red Grapefruit,₹100/kg,https://images.unsplash.com/photo-1465101046530-73398c7f28ca?auto=format&fit=crop&w=400&q=80,Fruit,Sweet and tangy red grapefruit.,Vitamin C;Vitamin A;Fiber,42 kcal per 100g,Boosts metabolism;supports weight loss.,Citrus;Weight Loss
126,Green Plum,₹180/kg,https://images.unsplash.com/photo-1465101178521-c1a9136a3b43?auto=format&fit=crop&w=400&q=80,Fruit,Tart and juicy green plums.,Vitamin C;Vitamin K;Fiber,46 kcal per 100g,Improves digestion;antioxidant rich.,Antioxidant;Snack Fruit
127,Yellow Cherry,₹250/250g,https://images.unsplash.com/photo-1502741338009-cac2772e18bc?auto=format&fit=crop&w=400&q=80,Fruit,Sweet and juicy yellow cherries.,Vitamin C;Potassium;Antioxidants,50 kcal per 100g,Reduces inflammation;improves sleep.,Antioxidant;Dessert Fruit
128,Red Okra,₹50/kg,https://images.unsplash.com/photo-1465101046530-73398c7f28ca?auto=format&fit=crop&w=400&q=80,Vegetable,Red variety of okra pods.,Vitamin C;Folate;Fiber,33 kcal per 100g,Supports digestion;good for pregnancy.,Indian Veg;Fiber Rich
129,White Eggplant,₹40/kg,https://images.unsplash.com/photo-1465101178521-c1a9136a3b43?auto=format&fit=crop&w=400&q=80,Vegetable,White-skinned eggplant.,Fiber;Vitamin B1;Antioxidants,25 kcal per 100g,Good for heart;anti-cancer.,Low Calorie;Fiber Rich
130,Golden Raspberry,₹300/250g,https://images.unsplash.com/photo-1502741338009-cac2772e18bc?auto=format&fit=crop&w=400&q=80,Fruit,Delicate and sweet golden raspberries.,Vitamin C;Fiber;Antioxidants,52 kcal per 100g,Boosts immunity;improves skin.,Berry;Antioxidant
131,Green Bell Pepper,₹55/kg,https://images.unsplash.com/photo-1465101046530-73398c7f28ca?auto=format&fit=crop&w=400&q=80,Vegetable,Crunchy green bell peppers.,Vitamin C;Vitamin A;Antioxidants,20 kcal per 100g,Improves eye health;boosts immunity.,Colorful;Salad Veg
132,Red Jalapeno,₹70/100g,https://images.unsplash.com/photo-1465101178521-c1a9136a3b43?auto=format&fit=crop&w=400&q=80,Vegetable,Spicy red jalapeno peppers.,Capsaicin;Vitamin C;Antioxidants,29 kcal per 100g,Boosts metabolism;fights pain.,Spicy;Mexican
133,White Asparagus,₹200/bundle,https://images.unsplash.com/photo-1502741338009-cac2772e18bc?auto=format&fit=crop&w=400&q=80,Vegetable,Delicate white asparagus spears.,Folate;Vitamin K;Fiber,20 kcal per 100g,Supports digestion;good for pregnancy.,Spring Veg;Fiber Rich
134,Red Cabbage Microgreens,₹80/box,https://images.unsplash.com/photo-1465101046530-73398c7f28ca?auto=format&fit=crop&w=400&q=80,Vegetable,Nutrient-dense microgreens.,Vitamin C;Vitamin K;Antioxidants,31 kcal per 100g,Improves digestion;antioxidant rich.,Microgreens;Salad
135,Green Pea Shoots,₹60/box,https://images.unsplash.com/photo-1465101178521-c1a9136a3b43?auto=format&fit=crop&w=400&q=80,Vegetable,Tender shoots of green peas.,Protein;Fiber;Vitamin K,81 kcal per 100g,Supports weight loss;builds muscle.,Microgreens;Protein Rich
136,Yellow Carrot,₹50/kg,https://images.unsplash.com/photo-1502741338009-cac2772e18bc?auto=format&fit=crop&w=400&q=80,Vegetable,Sweet yellow carrot variety.,Beta-Carotene;Vitamin A;Fiber,41 kcal per 100g,Improves vision;antioxidant rich.,Winter Veg;Antioxidant
137,Red Radish,₹30/bundle,https://images.unsplash.com/photo-1465101046530-73398c7f28ca?auto=format&fit=crop&w=400&q=80,Vegetable,Spicy and crisp red radish.,Vitamin C;Folate;Fiber,16 kcal per 100g,Supports digestion;clears toxins.,Winter Veg;Digestive
138,Green Apple Gourd,₹40/kg,https://images.unsplash.com/photo-1465101178521-c1a9136a3b43?auto=format&fit=crop&w=400&q=80,Vegetable,Round and tender green gourd.,Vitamin C;Fiber;Potassium,18 kcal per 100g,Good for digestion;lowers cholesterol.,Summer Veg;Digestive
139,Red Lettuce,₹35/bundle,https://images.unsplash.com/photo-1502741338009-cac2772e18bc?auto=format&fit=crop&w=400&q=80,Vegetable,Leafy lettuce with red tips.,Vitamin K;Folate;Iron,15 kcal per 100g,Promotes bone strength;weight friendly.,Salad Base;Low Calorie
140,Golden Kiwi,₹220/kg,https://images.unsplash.com/photo-1465101046530-73398c7f28ca?auto=format&fit=crop&w=400&q=80,Fruit,Sweet golden-fleshed kiwi.,Vitamin C;Vitamin K;Fiber,41 kcal per 100g,Boosts immunity;improves digestion.,Exotic;Vitamin C Rich
141,White Cherry,₹250/250g,https://images.unsplash.com/photo-1465101178521-c1a9136a3b43?auto=format&fit=crop&w=400&q=80,Fruit,Sweet and juicy white cherries.,Vitamin C;Potassium;Antioxidants,50 kcal per 100g,Reduces inflammation;improves sleep.,Antioxidant;Dessert Fruit
142,Red Currant Microgreens,₹90/box,https://images.unsplash.com/photo-1502741338009-cac2772e18bc?auto=format&fit=crop&w=400&q=80,Vegetable,Tiny shoots of red currant.,Vitamin C;Antioxidants;Fiber,56 kcal per 100g,Improves blood health;antioxidant rich.,Microgreens;Antioxidant
143,Green Tomato,₹60/kg,https://images.unsplash.com/photo-1465101046530-73398c7f28ca?auto=format&fit=crop&w=400&q=80,Vegetable,Unripe green tomatoes.,Lycopene;Vitamin C;Potassium,18 kcal per 100g,Good for skin;antioxidant rich.,Salad;Juicy
144,Yellow Plum,₹180/kg,https://images.unsplash.com/photo-1465101178521-c1a9136a3b43?auto=format&fit=crop&w=400&q=80,Fruit,Sweet and tart yellow plums.,Vitamin C;Vitamin K;Fiber,46 kcal per 100g,Improves digestion;antioxidant rich.,Antioxidant;Snack Fruit
145,Red Grapes,₹130/kg,https://images.unsplash.com/photo-1502741338009-cac2772e18bc?auto=format&fit=crop&w=400&q=80,Fruit,Sweet and juicy red grapes.,Vitamin C;Vitamin K;Potassium,69 kcal per 100g,Improves heart health;antioxidant rich.,Snack Fruit;Heart Healthy
146,White Mulberry,₹220/250g,https://images.unsplash.com/photo-1465101046530-73398c7f28ca?auto=format&fit=crop&w=400&q=80,Fruit,Sweet and chewy white mulberries.,Vitamin C;Iron;Fiber,43 kcal per 100g,Improves blood health;antioxidant rich.,Berry;Antioxidant
147,Green Chard,₹70/bundle,https://images.unsplash.com/photo-1465101178521-c1a9136a3b43?auto=format&fit=crop&w=400&q=80,Vegetable,Leafy green chard.,Vitamin K;Vitamin A;Magnesium,19 kcal per 100g,Supports bone health;improves vision.,Leafy Green;Superfood
148,Red Beet Microgreens,₹80/box,https://images.unsplash.com/photo-1502741338009-cac2772e18bc?auto=format&fit=crop&w=400&q=80,Vegetable,Nutrient-rich beet microgreens.,Folate;Potassium;Fiber,43 kcal per 100g,Improves blood flow;boosts stamina.,Microgreens;Antioxidant
149,Golden Apple Gourd,₹45/kg,https://images.unsplash.com/photo-1465101046530-73398c7f28ca?auto=format&fit=crop&w=400&q=80,Vegetable,Golden-skinned apple gourd.,Vitamin C;Fiber;Potassium,18 kcal per 100g,Good for digestion;lowers cholesterol.,Summer Veg;Digestive
150,Red Spinach Microgreens,₹85/box,https://images.unsplash.com/photo-1465101178521-c1a9136a3b43?auto=format&fit=crop&w=400&q=80,Vegetable,Tender shoots of red spinach.,Iron;Vitamin K;Antioxidants,23 kcal per 100g,Boosts hemoglobin;antioxidant rich.,Microgreens;Iron Rich
151,White Turnip,₹30/kg,https://images.unsplash.com/photo-1502741338009-cac2772e18bc?auto=format&fit=crop&w=400&q=80,Vegetable,White root vegetable.,Vitamin C;Fiber;Potassium,28 kcal per 100g,Supports heart health;boosts immunity.,Winter Veg;Root Veg
152,Red Bell Pepper Microgreens,₹90/box,https://images.unsplash.com/photo-1465101046530-73398c7f28ca?auto=format&fit=crop&w=400&q=80,Vegetable,Microgreens of red bell pepper.,Vitamin C;Vitamin A;Antioxidants,31 kcal per 100g,Boosts immunity;improves vision.,Microgreens;Salad
153,Green Jalapeno,₹60/100g,https://images.unsplash.com/photo-1465101178521-c1a9136a3b43?auto=format&fit=crop&w=400&q=80,Vegetable,Spicy green jalapeno peppers.,Capsaicin;Vitamin C;Antioxidants,29 kcal per 100g,Boosts metabolism;fights pain.,Spicy;Mexican
154,Yellow Zucchini,₹55/kg,https://images.unsplash.com/photo-1502741338009-cac2772e18bc?auto=format&fit=crop&w=400&q=80,Vegetable,Soft and mild yellow zucchini.,Vitamin C;Potassium;Fiber,17 kcal per 100g,Supports digestion;low calorie.,Summer Veg;Fiber Rich
155,Red Onion Microgreens,₹80/box,https://images.unsplash.com/photo-1465101046530-73398c7f28ca?auto=format&fit=crop&w=400&q=80,Vegetable,Microgreens of red onion.,Vitamin C;Flavonoids;Fiber,40 kcal per 100g,Boosts immunity;anti-inflammatory.,Microgreens;Cooking Base
156,Golden Beet Microgreens,₹85/box,https://images.unsplash.com/photo-1465101178521-c1a9136a3b43?auto=format&fit=crop&w=400&q=80,Vegetable,Microgreens of golden beetroot.,Folate;Potassium;Fiber,43 kcal per 100g,Improves blood flow;boosts stamina.,Microgreens;Antioxidant
157,White Pumpkin Microgreens,₹70/box,https://images.unsplash.com/photo-1502741338009-cac2772e18bc?auto=format&fit=crop&w=400&q=80,Vegetable,Microgreens of white pumpkin.,Vitamin A;Vitamin C;Fiber,26 kcal per 100g,Boosts immunity;good for eyes.,Microgreens;Vitamin A Rich
158,Red Cabbage Sprouts,₹80/box,https://images.unsplash.com/photo-1465101046530-73398c7f28ca?auto=format&fit=crop&w=400&q=80,Vegetable,Young sprouts of red cabbage.,Vitamin C;Vitamin K;Fiber,31 kcal per 100g,Improves digestion;antioxidant rich.,Sprouts;Antioxidant
159,Green Mustard,₹40/bundle,https://images.unsplash.com/photo-1465101178521-c1a9136a3b43?auto=format&fit=crop&w=400&q=80,Vegetable,Leafy green mustard leaves.,Vitamin K;Vitamin A;Calcium,27 kcal per 100g,Supports bone health;improves vision.,Leafy Green;Superfood
160,Red Mustard,₹45/bundle,https://images.unsplash.com/photo-1502741338009-cac2772e18bc?auto=format&fit=crop&w=400&q=80,Vegetable,Red-tinted mustard leaves.,Vitamin K;Vitamin A;Calcium,27 kcal per 100g,Supports bone health;improves vision.,Leafy Green;Superfood
161,Golden Corn,₹70/kg,https://images.unsplash.com/photo-1465101046530-73398c7f28ca?auto=format&fit=crop&w=400&q=80,Vegetable,Juicy golden corn kernels.,Carbs;Fiber;Vitamin B3,86 kcal per 100g,Boosts energy;supports eyes.,Snack;Sweet
162,Red Corn,₹80/kg,https://images.unsplash.com/photo-1465101178521-c1a9136a3b43?auto=format&fit=crop&w=400&q=80,Vegetable,Red variety of corn.,Carbs;Fiber;Vitamin B3,86 kcal per 100g,Boosts energy;supports eyes.,Snack;Sweet
163,White Corn,₹75/kg,https://images.unsplash.com/photo-1502741338009-cac2772e18bc?auto=format&fit=crop&w=400&q=80,Vegetable,White variety of corn.,Carbs;Fiber;Vitamin B3,86 kcal per 100g,Boosts energy;supports eyes.,Snack;Sweet
164,Green Corn,₹85/kg,https://images.unsplash.com/photo-1465101046530-73398c7f28ca?auto=format&fit=crop&w=400&q=80,Vegetable,Young green corn.,Carbs;Fiber;Vitamin B3,86 kcal per 100g,Boosts energy;supports eyes.,Snack;Sweet
165,Red Apple Microgreens,₹90/box,https://images.unsplash.com/photo-1465101178521-c1a9136a3b43?auto=format&fit=crop&w=400&q=80,Vegetable,Microgreens of red apple.,Vitamin C;Fiber;Antioxidants,52 kcal per 100g,Supports heart health;boosts immunity.,Microgreens;Snack
166,Golden Apple Microgreens,₹95/box,https://images.unsplash.com/photo-1502741338009-cac2772e18bc?auto=format&fit=crop&w=400&q=80,Vegetable,Microgreens of golden apple.,Vitamin C;Fiber;Potassium,52 kcal per 100g,Supports heart health;improves digestion.,Microgreens;Golden
167,Red Pear Microgreens,₹85/box,https://images.unsplash.com/photo-1465101046530-73398c7f28ca?auto=format&fit=crop&w=400&q=80,Vegetable,Microgreens of red pear.,Vitamin C;Fiber;Potassium,57 kcal per 100g,Improves digestion;supports heart health.,Microgreens;Fiber Rich
168,Green Pear Microgreens,₹80/box,https://images.unsplash.com/photo-1465101178521-c1a9136a3b43?auto=format&fit=crop&w=400&q=80,Vegetable,Microgreens of green pear.,Vitamin C;Fiber;Potassium,57 kcal per 100g,Improves digestion;supports heart health.,Microgreens;Fiber Rich
169,Yellow Pear Microgreens,₹90/box,https://images.unsplash.com/photo-1502741338009-cac2772e18bc?auto=format&fit=crop&w=400&q=80,Vegetable,Microgreens of yellow pear.,Vitamin C;Fiber;Potassium,57 kcal per 100g,Improves digestion;supports heart health.,Microgreens;Fiber Rich
170,Red Plum Microgreens,₹85/box,https://images.unsplash.com/photo-1465101046530-73398c7f28ca?auto=format&fit=crop&w=400&q=80,Vegetable,Microgreens of red plum.,Vitamin C;Vitamin K;Fiber,46 kcal per 100g,Improves digestion;antioxidant rich.,Microgreens;Antioxidant
171,Green Plum Microgreens,₹80/box,https://images.unsplash.com/photo-1465101178521-c1a9136a3b43?auto=format&fit=crop&w=400&q=80,Vegetable,Microgreens of green plum.,Vitamin C;Vitamin K;Fiber,46 kcal per 100g,Improves digestion;antioxidant rich.,Microgreens;Antioxidant
172,Yellow Plum Microgreens,₹90/box,https://images.unsplash.com/photo-1502741338009-cac2772e18bc?auto=format&fit=crop&w=400&q=80,Vegetable,Microgreens of yellow plum.,Vitamin C;Vitamin K;Fiber,46 kcal per 100g,Improves digestion;antioxidant rich.,Microgreens;Antioxidant
173,Red Grape Microgreens,₹85/box,https://images.unsplash.com/photo-1465101046530-73398c7f28ca?auto=format&fit=crop&w=400&q=80,Vegetable,Microgreens of red grape.,Vitamin C;Vitamin K;Potassium,69 kcal per 100g,Improves heart health;antioxidant rich.,Microgreens;Heart Healthy
174,Green Grape Microgreens,₹80/box,https://images.unsplash.com/photo-1465101178521-c1a9136a3b43?auto=format&fit=crop&w=400&q=80,Vegetable,Microgreens of green grape.,Vitamin C;Vitamin K;Potassium,69 kcal per 100g,Improves heart health;antioxidant rich.,Microgreens;Heart Healthy
175,Yellow Grape Microgreens,₹90/box,https://images.unsplash.com/photo-1502741338009-cac2772e18bc?auto=format&fit=crop&w=400&q=80,Vegetable,Microgreens of yellow grape.,Vitamin C;Vitamin K;Potassium,69 kcal per 100g,Improves heart health;antioxidant rich.,Microgreens;Heart Healthy
176,Red Cherry Microgreens,₹85/box,https://images.unsplash.com/photo-1465101046530-73398c7f28ca?auto=format&fit=crop&w=400&q=80,Vegetable,Microgreens of red cherry.,Vitamin C;Potassium;Antioxidants,50 kcal per 100g,Reduces inflammation;improves sleep.,Microgreens;Dessert Fruit
177,Green Cherry Microgreens,₹80/box,https://images.unsplash.com/photo-1465101178521-c1a9136a3b43?auto=format&fit=crop&w=400&q=80,Vegetable,Microgreens of green cherry.,Vitamin C;Potassium;Antioxidants,50 kcal per 100g,Reduces inflammation;improves sleep.,Microgreens;Dessert Fruit
178,Yellow Cherry Microgreens,₹90/box,https://images.unsplash.com/photo-1502741338009-cac2772e18bc?auto=format&fit=crop&w=400&q=80,Vegetable,Microgreens of yellow cherry.,Vitamin C;Potassium;Antioxidants,50 kcal per 100g,Reduces inflammation;improves sleep.,Microgreens;Dessert Fruit
179,Red Currant Sprouts,₹80/box,https://images.unsplash.com/photo-1465101046530-73398c7f28ca?auto=format&fit=crop&w=400&q=80,Vegetable,Sprouts of red currant.,Vitamin C;Antioxidants;Fiber,56 kcal per 100g,Improves blood health;antioxidant rich.,Sprouts;Antioxidant
180,Green Currant Sprouts,₹75/box,https://images.unsplash.com/photo-1465101178521-c1a9136a3b43?auto=format&fit=crop&w=400&q=80,Vegetable,Sprouts of green currant.,Vitamin C;Antioxidants;Fiber,56 kcal per 100g,Improves blood health;antioxidant rich.,Sprouts;Antioxidant
181,Yellow Currant Sprouts,₹85/box,https://images.unsplash.com/photo-1502741338009-cac2772e18bc?auto=format&fit=crop&w=400&q=80,Vegetable,Sprouts of yellow currant.,Vitamin C;Antioxidants;Fiber,56 kcal per 100g,Improves blood health;antioxidant rich.,Sprouts;Antioxidant
182,Red Beet Sprouts,₹80/box,https://images.unsplash.com/photo-1465101046530-73398c7f28ca?auto=format&fit=crop&w=400&q=80,Vegetable,Sprouts of red beetroot.,Folate;Potassium;Fiber,43 kcal per 100g,Improves blood flow;boosts stamina.,Sprouts;Antioxidant
183,Golden Beet Sprouts,₹85/box,https://images.unsplash.com/photo-1465101178521-c1a9136a3b43?auto=format&fit=crop&w=400&q=80,Vegetable,Sprouts of golden beetroot.,Folate;Potassium;Fiber,43 kcal per 100g,Improves blood flow;boosts stamina.,Sprouts;Antioxidant
184,White Beet Sprouts,₹75/box,https://images.unsplash.com/photo-1502741338009-cac2772e18bc?auto=format&fit=crop&w=400&q=80,Vegetable,Sprouts of white beetroot.,Folate;Potassium;Fiber,43 kcal per 100g,Improves blood flow;boosts stamina.,Sprouts;Antioxidant
185,Red Spinach Sprouts,₹80/box,https://images.unsplash.com/photo-1465101046530-73398c7f28ca?auto=format&fit=crop&w=400&q=80,Vegetable,Sprouts of red spinach.,Iron;Vitamin K;Antioxidants,23 kcal per 100g,Boosts hemoglobin;antioxidant rich.,Sprouts;Iron Rich
186,Green Spinach Sprouts,₹75/box,https://images.unsplash.com/photo-1465101178521-c1a9136a3b43?auto=format&fit=crop&w=400&q=80,Vegetable,Sprouts of green spinach.,Iron;Vitamin K;Antioxidants,23 kcal per 100g,Boosts hemoglobin;antioxidant rich.,Sprouts;Iron Rich
187,Yellow Spinach Sprouts,₹85/box,https://images.unsplash.com/photo-1502741338009-cac2772e18bc?auto=format&fit=crop&w=400&q=80,Vegetable,Sprouts of yellow spinach.,Iron;Vitamin K;Antioxidants,23 kcal per 100g,Boosts hemoglobin;antioxidant rich.,Sprouts;Iron Rich
188,Red Lettuce Sprouts,₹80/box,https://images.unsplash.com/photo-1465101046530-73398c7f28ca?auto=format&fit=crop&w=400&q=80,Vegetable,Sprouts of red lettuce.,Vitamin K;Folate;Iron,15 kcal per 100g,Promotes bone strength;weight friendly.,Sprouts;Low Calorie
189,Green Lettuce Sprouts,₹75/box,https://images.unsplash.com/photo-1465101178521-c1a9136a3b43?auto=format&fit=crop&w=400&q=80,Vegetable,Sprouts of green lettuce.,Vitamin K;Folate;Iron,15 kcal per 100g,Promotes bone strength;weight friendly.,Sprouts;Low Calorie
190,Yellow Lettuce Sprouts,₹85/box,https://images.unsplash.com/photo-1502741338009-cac2772e18bc?auto=format&fit=crop&w=400&q=80,Vegetable,Sprouts of yellow lettuce.,Vitamin K;Folate;Iron,15 kcal per 100g,Promotes bone strength;weight friendly.,Sprouts;Low Calorie
191,Red Cabbage Shoots,₹80/box,https://images.unsplash.com/photo-1465101046530-73398c7f28ca?auto=format&fit=crop&w=400&q=80,Vegetable,Shoots of red cabbage.,Vitamin C;Vitamin K;Fiber,31 kcal per 100g,Improves digestion;antioxidant rich.,Shoots;Antioxidant
192,Green Cabbage Shoots,₹75/box,https://images.unsplash.com/photo-1465101178521-c1a9136a3b43?auto=format&fit=crop&w=400&q=80,Vegetable,Shoots of green cabbage.,Vitamin C;Vitamin K;Fiber,31 kcal per 100g,Improves digestion;antioxidant rich.,Shoots;Antioxidant
193,Yellow Cabbage Shoots,₹85/box,https://images.unsplash.com/photo-1502741338009-cac2772e18bc?auto=format&fit=crop&w=400&q=80,Vegetable,Shoots of yellow cabbage.,Vitamin C;Vitamin K;Fiber,31 kcal per 100g,Improves digestion;antioxidant rich.,Shoots;Antioxidant
194,Red Onion Shoots,₹80/box,https://images.unsplash.com/photo-1465101046530-73398c7f28ca?auto=format&fit=crop&w=400&q=80,Vegetable,Shoots of red onion.,Vitamin C;Flavonoids;Fiber,40 kcal per 100g,Boosts immunity;anti-inflammatory.,Shoots;Cooking Base
195,Green Onion Shoots,₹75/box,https://images.unsplash.com/photo-1465101178521-c1a9136a3b43?auto=format&fit=crop&w=400&q=80,Vegetable,Shoots of green onion.,Vitamin C;Flavonoids;Fiber,40 kcal per 100g,Boosts immunity;anti-inflammatory.,Shoots;Cooking Base
196,Yellow Onion Shoots,₹85/box,https://images.unsplash.com/photo-1502741338009-cac2772e18bc?auto=format&fit=crop&w=400&q=80,Vegetable,Shoots of yellow onion.,Vitamin C;Flavonoids;Fiber,40 kcal per 100g,Boosts immunity;anti-inflammatory.,Shoots;Cooking Base
197,Red Pepper Shoots,₹80/box,https://images.unsplash.com/photo-1465101046530-73398c7f28ca?auto=format&fit=crop&w=400&q=80,Vegetable,Shoots of red pepper.,Vitamin C;Vitamin A;Antioxidants,31 kcal per 100g,Boosts immunity;improves vision.,Shoots;Salad
198,Green Pepper Shoots,₹75/box,https://images.unsplash.com/photo-1465101178521-c1a9136a3b43?auto=format&fit=crop&w=400&q=80,Vegetable,Shoots of green pepper.,Vitamin C;Vitamin A;Antioxidants,31 kcal per 100g,Boosts immunity;improves vision.,Shoots;Salad
199,Yellow Pepper Shoots,₹85/box,https://images.unsplash.com/photo-1502741338009-cac2772e18bc?auto=format&fit=crop&w=400&q=80,Vegetable,Shoots of yellow pepper.,Vitamin C;Vitamin A;Antioxidants,31 kcal per 100g,Boosts immunity;improves vision.,Shoots;Salad
200,Golden Pumpkin,₹40/kg,https://images.unsplash.com/photo-1465101046530-73398c7f28ca?auto=format&fit=crop&w=400&q=80,Vegetable,Golden-fleshed pumpkin.,Vitamin A;Vitamin C;Fiber,26 kcal per 100g,Boosts immunity;good for eyes.,Winter Veg;Vitamin A Rich
201,Durian,₹600/each,https://upload.wikimedia.org/wikipedia/commons/4/4c/Durian.jpg,Fruit,Large tropical fruit known for its strong aroma.,Vitamin C;Potassium;Fiber,150 kcal per 100g,Boosts energy;supports digestion.,Exotic;Tropical
202,Rambutan,₹350/250g,https://upload.wikimedia.org/wikipedia/commons/2/2b/Rambutan.JPG,Fruit,Red hairy fruit with sweet white flesh.,Vitamin C;Iron;Fiber,68 kcal per 100g,Boosts immunity;improves skin.,Exotic;Antioxidant
203,Salak (Snake Fruit),₹400/250g,https://upload.wikimedia.org/wikipedia/commons/6/6b/Salak_Snake_Fruit.jpg,Fruit,Scaly-skinned fruit with sweet-tart flavor.,Potassium;Vitamin C;Fiber,82 kcal per 100g,Boosts energy;improves gut health.,Exotic;Tropical
204,Feijoa,₹300/250g,https://upload.wikimedia.org/wikipedia/commons/3/3e/Feijoa_fruit.jpg,Fruit,Green fruit with aromatic sweet-tart pulp.,Vitamin C;B6;Fiber,55 kcal per 100g,Boosts immunity;improves digestion.,Exotic;Antioxidant
205,Black Sapote,₹350/each,https://upload.wikimedia.org/wikipedia/commons/2/2e/Black_Sapote.jpg,Fruit,Also called chocolate pudding fruit.,Vitamin C;Potassium;Iron,65 kcal per 100g,Improves skin;supports immunity.,Exotic;Dessert Fruit
206,Longan,₹320/250g,https://upload.wikimedia.org/wikipedia/commons/6/6e/Longan_fruit.jpg,Fruit,Sweet translucent fruit similar to lychee.,Vitamin C;Iron;Magnesium,60 kcal per 100g,Boosts immunity;improves sleep.,Exotic;Tropical
207,Chayote,₹80/kg,https://upload.wikimedia.org/wikipedia/commons/7/7e/Chayote.jpg,Vegetable,Green pear-shaped squash.,Vitamin C;Folate;Fiber,19 kcal per 100g,Supports heart health;improves digestion.,Exotic;Squash
208,Lotus Stem,₹120/kg,https://upload.wikimedia.org/wikipedia/commons/6/6e/Lotus_root.jpg,Vegetable,Edible stem of lotus plant.,Vitamin C;Fiber;Potassium,74 kcal per 100g,Improves digestion;supports heart health.,Exotic;Asian Veg
209,Water Chestnut,₹90/kg,https://upload.wikimedia.org/wikipedia/commons/2/2e/Water_chestnut.jpg,Vegetable,Aquatic vegetable with crisp texture.,Potassium;Vitamin B6;Fiber,97 kcal per 100g,Supports hydration;improves digestion.,Exotic;Aquatic Veg
210,Dragon Carrot,₹120/kg,https://upload.wikimedia.org/wikipedia/commons/7/7e/Carrots.jpg,Vegetable,Deep purple carrot variety.,Beta-Carotene;Vitamin A;Fiber,41 kcal per 100g,Improves vision;antioxidant rich.,Exotic;Root Veg
211,Samphire,₹200/250g,https://upload.wikimedia.org/wikipedia/commons/2/2e/Samphire.jpg,Vegetable,Salty green sea vegetable.,Iodine;Vitamin C;Magnesium,45 kcal per 100g,Supports thyroid;improves hydration.,Exotic;Sea Veg
212,Daikon,₹70/kg,https://upload.wikimedia.org/wikipedia/commons/2/2e/Daikon.jpg,Vegetable,Large white Asian radish.,Vitamin C;Folate;Fiber,18 kcal per 100g,Supports digestion;detoxifies.,Exotic;Asian Veg
213,Enoki Mushroom,₹180/200g,https://upload.wikimedia.org/wikipedia/commons/2/2e/Enokitake.jpg,Vegetable,Long thin white mushrooms.,Vitamin B3;Fiber;Antioxidants,37 kcal per 100g,Boosts immunity;supports metabolism.,Exotic;Mushroom
214,Shiso Leaf,₹150/bundle,https://upload.wikimedia.org/wikipedia/commons/2/2e/Shiso_leaf.jpg,Vegetable,Japanese herb with unique flavor.,Calcium;Iron;Vitamin A,25 kcal per 100g,Anti-inflammatory;freshens breath.,Exotic;Herb
215,Galangal,₹200/kg,https://upload.wikimedia.org/wikipedia/commons/2/2e/Galangal.jpg,Vegetable,Spicy root similar to ginger.,Antioxidants;Iron;Vitamin C,71 kcal per 100g,Boosts immunity;improves digestion.,Exotic;Root Veg
216,Malabar Spinach,₹60/bundle,https://upload.wikimedia.org/wikipedia/commons/2/2e/Malabar_spinach.jpg,Vegetable,Leafy vine with succulent leaves.,Vitamin A;Vitamin C;Iron,19 kcal per 100g,Improves vision;boosts immunity.,Exotic;Leafy Green